Web Search interest: tripadvisor,
Worldwide; Jan-Feb 2014,
,
Interest over time,
Day,tripadvisor
01/01/2014,87
02/01/2014,88
03/01/2014,89
04/01/2014,91
05/01/2014,97
06/01/2014,85
07/01/2014,85
08/01/2014,88
09/01/2014,83
10/01/2014,84
11/01/2014,88
12/01/2014,100
13/01/2014,86
14/01/2014,87
15/01/2014,85
16/01/2014,83
17/01/2014,79
18/01/2014,89
19/01/2014,100
20/01/2014,86
21/01/2014,84
22/01/2014,82
23/01/2014,80
24/01/2014,79
25/01/2014,83
26/01/2014,92
27/01/2014,85
28/01/2014,82
29/01/2014,76
30/01/2014,76
31/01/2014,78
01/02/2014,82
02/02/2014,89
03/02/2014,78
04/02/2014,80
05/02/2014,78
06/02/2014,73
07/02/2014,73
08/02/2014,82
09/02/2014,90
10/02/2014,82
11/02/2014,78
12/02/2014,73
13/02/2014,74
14/02/2014,71
15/02/2014,88
16/02/2014,91
17/02/2014,83
18/02/2014,82
19/02/2014,77
20/02/2014,76
21/02/2014,73
22/02/2014,81
23/02/2014,89
24/02/2014,79
25/02/2014,78
26/02/2014,77
27/02/2014,78
28/02/2014,77
,
,
Top regions for tripadvisor,
Region,tripadvisor
Malta,100
United Kingdom,92
Ireland,84
Italy,73
Cambodia,72
Singapore,64
Luxembourg,60
Australia,48
Canada,46
New Zealand,45
Switzerland,41
Belgium,33
Hong Kong,32
Sri Lanka,30
France,28
Spain,28
Norway,27
Costa Rica,24
Argentina,23
Uruguay,22
United States,21
Malaysia,21
United Arab Emirates,20
Portugal,18
Israel,17
Austria,17
Sweden,16
South Africa,16
Denmark,16
Netherlands,15
Dominican Republic,14
Finland,14
Germany,13
Greece,12
Thailand,11
Chile,10
Philippines,10
Czech Republic,9
Morocco,9
India,9
Brazil,8
Croatia,7
Mexico,7
Romania,7
Hungary,7
Peru,6
Serbia,6
China,5
Colombia,5
Indonesia,5
Taiwan,5
Vietnam,5
Venezuela,4
Egypt,4
Saudi Arabia,3
Poland,3
Turkey,3
Russia,2
Japan,1
,
,
Top cities for tripadvisor,
City,tripadvisor
Edinburgh (United Kingdom),100
Glasgow (United Kingdom),97
Liverpool (United Kingdom),92
Dublin (Ireland),85
Manchester (United Kingdom),84
Leeds (United Kingdom),83
London (United Kingdom),73
Rome (Italy),72
Milan (Italy),71
Singapore (Singapore),62
Turin (Italy),60
Perth (Australia),53
Naples (Italy),45
Sydney (Australia),45
Melbourne (Australia),42
,
,
,
Top searches for tripadvisor,
hotel,100
hotels,40
trip,20
tripadvisor uk,15
trip advisor,10
tripadvisor reviews,10
booking,10
tripadvisor london,10
paris tripadvisor,10
expedia,10
tripadvisor flights,5
trivago,5
tripadvisor new york,5
tripadvisor roma,5
marriott,5
tripadvisor barcelona,5
tripadvisor singapore,5
tripadvisor las vegas,5
tripadvisor bali,5
holiday inn,5
bali,5
tripadvisor dubai,5
booking.com,5
tripadvisor miami,5
tripadvisor amsterdam,5
best western,5
tripadvisor bangkok,5
thomas cook,5
tripadvisor cancun,5
tripadvisor milano,5
tripadvisor mexico,5
tripadvisor canada,5
thomson,5
phuket tripadvisor,5
tripadvisor orlando,5
hotel new york,0
travelocity,0
tripadvisor punta cana,0
tripadvisor india,0
tripadvisor berlin,0
agoda,0
tripadvisor cuba,0
last minute,0
tripadvisor san francisco,0
tripadvisor istanbul,0
tripadvisor sydney,0
,
,
,
Rising searches for tripadvisor,
first choice,110%
travel republic,90%
thomson holidays,80%
on the beach,70%
hotwire,60%
jet2,60%
thomas cook,60%
thomson,60%
tripadvisor uk,40%
